date,account_value
2024-01-01,-21.030540053551146
2024-01-02,1924.2386695081154
2024-01-03,-28079.895495128894
2024-01-04,11067.660158130799
2024-01-05,7993.199529071397
2024-01-08,18122.2779555479
2024-01-09,-8938.20561423928
2024-01-10,5851.300464102189
2024-01-11,-6378.913407539946
2024-01-12,20798.59685187362
2024-01-15,-9061.670137597588
2024-01-16,-18909.899823026928
2024-01-17,-16346.662526650069
2024-01-18,19961.265966162235
2024-01-19,3429.408412182793
2024-01-22,12492.217764067684
2024-01-23,-3427.6262371962976
2024-01-24,31808.58420098821
2024-01-25,-859.5967847042465
2024-01-26,14951.38023320255
2024-01-29,-1032.2564280312877
2024-01-30,4266.098230952326
2024-01-31,-8996.25053125845
2024-02-01,-3070.134610513179
2024-02-02,6016.774894997588
2024-02-05,-3447.2560907690086
2024-02-06,17713.523294565362
2024-02-07,-2223.144255148536
2024-02-08,7958.890778591286
2024-02-09,7640.090047041989
2024-02-12,5904.022866119263
2024-02-13,-37004.87477212895
2024-02-14,14415.421882515577
2024-02-15,18492.63411518111
2024-02-16,14136.779053969418
2024-02-19,1744.412075687241
2024-02-20,-10743.152063338504
2024-02-21,11311.916200589341
2024-02-22,42654.74921973225
2024-02-23,7139.720837140022
2024-02-26,-1833.5328490207976
2024-02-27,18053.787497769077
2024-02-28,-8985.382835219436
2024-02-29,1500.8844227935929
2024-03-01,10384.19052485379
2024-03-04,10989.980983580523
2024-03-05,-17227.035435904563
2024-03-06,15034.877396778882
2024-03-07,35893.03561847024
2024-03-08,-10653.874638786665
2024-03-11,-28545.125179011855
2024-03-12,41967.2231023463
2024-03-13,20509.08116832162
2024-03-14,-12850.350810690397
2024-03-15,504.83283200055405
2024-03-18,-7188.637216463553
2024-03-19,15711.86975655912
2024-03-20,8154.783140911309
2024-03-21,29582.157269174095
2024-03-22,-9741.290939077873
2024-03-25,18183.72284997101
2024-03-26,22281.176755236662
2024-03-27,15789.862464534375
2024-03-28,-7368.67065163116
2024-03-29,0.0
2024-04-01,0.0
2024-04-02,0.0
2024-04-03,0.0
2024-04-04,0.0
2024-04-05,0.0
2024-04-08,0.0
2024-04-09,0.0
2024-04-10,0.0
2024-04-11,0.0
2024-04-12,0.0
2024-04-15,0.0
2024-04-16,0.0
2024-04-17,0.0
2024-04-18,0.0
2024-04-19,0.0
2024-04-22,0.0
2024-04-23,0.0
2024-04-24,0.0
2024-04-25,0.0
2024-04-26,0.0
2024-04-29,0.0
2024-04-30,0.0
2024-05-01,0.0
2024-05-02,0.0
2024-05-03,0.0
2024-05-06,0.0
2024-05-07,0.0
2024-05-08,0.0
2024-05-09,0.0
2024-05-10,0.0
2024-05-13,0.0
2024-05-14,0.0
2024-05-15,0.0
2024-05-16,-0.0015035945070590107
2024-05-17,0.0
2024-05-20,0.0
2024-05-21,0.0
2024-05-22,0.0
2024-05-23,0.0
2024-05-24,0.0
2024-05-27,0.0
2024-05-28,0.0
2024-05-29,0.0
2024-05-30,0.0
2024-05-31,0.0
2024-06-03,0.0
2024-06-04,0.0
2024-06-05,0.0
2024-06-06,0.0
2024-06-07,0.0
2024-06-10,0.0
2024-06-11,0.0
2024-06-12,0.0
2024-06-13,0.0
2024-06-14,0.0
2024-06-17,0.0
2024-06-18,0.0
2024-06-19,0.0
2024-06-20,0.0
2024-06-21,0.0
2024-06-24,0.0
2024-06-25,0.0
2024-06-26,0.0
2024-06-27,0.0
2024-06-28,0.0
2024-07-01,0.0
2024-07-02,0.0
2024-07-03,0.0
2024-07-04,0.0
2024-07-05,0.0
2024-07-08,0.0
2024-07-09,0.0
2024-07-10,0.0
2024-07-11,0.0
2024-07-12,0.0
2024-07-15,0.0
2024-07-16,0.0
2024-07-17,0.0
2024-07-18,0.0
2024-07-19,0.0
2024-07-22,0.0
2024-07-23,0.0
2024-07-24,0.0
2024-07-25,0.0
2024-07-26,0.0
2024-07-29,0.0
2024-07-30,0.0
2024-07-31,0.0
2024-08-01,0.0
2024-08-02,0.0
2024-08-05,0.0
2024-08-06,0.0
2024-08-07,0.0
2024-08-08,0.0
2024-08-09,0.0
2024-08-12,0.0
2024-08-13,0.0
2024-08-14,0.0
2024-08-15,0.0
2024-08-16,0.0
2024-08-19,0.0
2024-08-20,0.0
2024-08-21,0.0
2024-08-22,0.0
2024-08-23,0.0
2024-08-26,0.0
2024-08-27,0.0
2024-08-28,0.0
2024-08-29,0.0
2024-08-30,0.0
2024-09-02,0.0
2024-09-03,0.0
2024-09-04,0.0
2024-09-05,0.0
2024-09-06,0.0
2024-09-09,0.0
2024-09-10,0.0
2024-09-11,0.0
2024-09-12,0.0
2024-09-13,0.0
2024-09-16,0.0
2024-09-17,0.0
2024-09-18,0.0
2024-09-19,0.0
2024-09-20,0.0
2024-09-23,0.0
2024-09-24,0.0
2024-09-25,0.0
2024-09-26,0.0
2024-09-27,0.0
2024-09-30,0.0
2024-10-01,0.0
2024-10-02,0.0
2024-10-03,0.0
2024-10-04,0.0
2024-10-07,0.0
2024-10-08,0.0
2024-10-09,0.0
2024-10-10,0.0
2024-10-11,0.0
2024-10-14,0.0
2024-10-15,0.0
2024-10-16,0.0
2024-10-17,0.0
2024-10-18,0.0
2024-10-21,0.0
2024-10-22,0.0
2024-10-23,0.0
2024-10-24,0.0
2024-10-25,0.0
2024-10-28,0.0
2024-10-29,0.0
2024-10-30,0.0
2024-10-31,0.0
2024-11-01,0.0
2024-11-04,0.0
2024-11-05,0.0
2024-11-06,0.0
2024-11-07,0.0
2024-11-08,0.0
2024-11-11,0.0
2024-11-12,0.0
2024-11-13,0.0
2024-11-14,0.0
2024-11-15,0.0
2024-11-18,0.0
2024-11-19,0.0
2024-11-20,0.0
2024-11-21,0.0
2024-11-22,0.0
2024-11-25,0.0
2024-11-26,0.0
2024-11-27,0.0
2024-11-28,0.0
2024-11-29,0.0
2024-12-02,0.0
2024-12-03,0.0
2024-12-04,0.0
2024-12-05,0.0
2024-12-06,0.0
2024-12-09,0.0
2024-12-10,0.0
2024-12-11,0.0
2024-12-12,0.0
2024-12-13,0.0
2024-12-16,0.0
2024-12-17,0.0
2024-12-18,0.0
2024-12-19,0.0
2024-12-20,0.0
2024-12-23,0.0
2024-12-24,0.0
2024-12-25,0.0
2024-12-26,0.0
2024-12-27,0.0
2024-12-30,0.0
2024-12-31,0.0
